title,score,url,author,num_comments,created_utc,link_flair_text,upvote_ratio,title_length,is_self,total_awards_received,over_18,distinguised,subreddit_subscribers
[OFFICIAL] Thailand Training Discussion,9,https://www.reddit.com/r/MuayThai/comments/1bqrozu/official_thailand_training_discussion/,Yodsanan,63,2024-03-29 16:13:14,,1.0,39,True,0,False,moderator,239630
[Official] General Discussion Thread,57,https://www.reddit.com/r/MuayThai/comments/yveqjv/official_general_discussion_thread/,Yodsanan,772,2022-11-14 23:28:23,,0.99,36,True,0,False,moderator,239630
Capitan has retired from fighting,103,https://i.redd.it/bnql8e58ucud1.jpeg,Yodsanan,4,2024-10-12 18:48:40,,1.0,33,False,0,False,,239630
What are you grunting when you‚Äôre striking during a drill?,20,https://www.reddit.com/r/MuayThai/comments/1g21v6e/what_are_you_grunting_when_youre_striking_during/,AT1787,77,2024-10-12 16:54:19,,0.82,58,True,0,False,,239630
goodnight,545,https://v.redd.it/g4wueje8r5ud1,hilukasz,5,2024-10-11 18:58:47,,1.0,9,False,0,False,,239630
Stiff jabs and straights going right through my guard ,18,https://www.reddit.com/r/MuayThai/comments/1g1xvhp/stiff_jabs_and_straights_going_right_through_my/,nelson-manfella,17,2024-10-12 13:15:26,,0.96,54,True,0,False,,239630
What was your first class like?,4,https://www.reddit.com/r/MuayThai/comments/1g21d54/what_was_your_first_class_like/,-TripMcNeely-,18,2024-10-12 16:30:42,,0.84,31,True,0,False,,239630
Any Buakaw or Saenchai fight recomendation ?,1,https://www.reddit.com/r/MuayThai/comments/1g29swp/any_buakaw_or_saenchai_fight_recomendation/,Comfortable_Tie7934,1,2024-10-12 23:02:54,,1.0,44,True,0,False,,239630
HIGHLIGHTS: Lamnammoonlek vs Samingdet via Muay Thai Authority,241,https://v.redd.it/0oq219wo55ud1,Yodsanan,19,2024-10-11 16:59:03,,1.0,62,False,0,False,,239630
What does admiring your own work mean while sparring?,1,https://www.reddit.com/r/MuayThai/comments/1g28j1e/what_does_admiring_your_own_work_mean_while/,Someoneyoudonotno,5,2024-10-12 22:01:59,,0.67,53,True,0,False,,239630
Flying knee and sweep by Tu‚Äôua to Rodlek from MTL12,68,https://v.redd.it/059jeansy6ud1,Wakeair0013,1,2024-10-11 23:02:29,,1.0,51,False,0,False,,239630
Who else loves the more Thai martial art aspects? ,40,https://www.reddit.com/r/MuayThai/comments/1g1nbyv/who_else_loves_the_more_thai_martial_art_aspects/,nahmeankane,14,2024-10-12 01:40:08,,0.92,50,True,0,False,,239630
Can I fight with bad eyesight?,1,https://www.reddit.com/r/MuayThai/comments/1g27btm/can_i_fight_with_bad_eyesight/,pan_1247,12,2024-10-12 21:05:40,Technique/Tips,1.0,30,True,0,False,,239630
smashing pads just for fun,32,https://v.redd.it/5flzpxbo08ud1,carlosbn98,11,2024-10-12 02:34:56,,0.79,26,False,0,False,,239630
Do you guys have any ‚Äúweird‚Äù unorthodox moves?,125,https://www.reddit.com/r/MuayThai/comments/1g1dujg/do_you_guys_have_any_weird_unorthodox_moves/,Throwra44505,155,2024-10-11 18:27:15,Technique/Tips,0.99,46,True,0,False,,239630
Whats your favourite Muay Thai KO?,3,https://www.reddit.com/r/MuayThai/comments/1g204op/whats_your_favourite_muay_thai_ko/,ConsistentWish6441,5,2024-10-12 15:28:16,,1.0,34,True,0,False,,239630
Best solo training / supplements ,2,https://www.reddit.com/r/MuayThai/comments/1g1zfrf/best_solo_training_supplements/,miccheck491,2,2024-10-12 14:51:36,Technique/Tips,1.0,33,True,0,False,,239630
"PKBs/PMTs should allow stoppages but stop fights early, like novice level amateur boxing",2,https://www.reddit.com/r/MuayThai/comments/1g1von7/pkbspmts_should_allow_stoppages_but_stop_fights/,Time-Status9871,2,2024-10-12 10:29:35,,1.0,88,True,0,False,,239630
How to fight against pressure fighters/brawlers? ,14,https://www.reddit.com/r/MuayThai/comments/1g1ikk3/how_to_fight_against_pressure_fightersbrawlers/,RubinMusic,16,2024-10-11 21:56:26,Technique/Tips,0.9,49,True,0,False,,239630
Is it worth it to fill your own heavy bag?,12,https://www.reddit.com/r/MuayThai/comments/1g1ik4z/is_it_worth_it_to_fill_your_own_heavy_bag/,CupLow4530,20,2024-10-11 21:55:55,Technique/Tips,0.94,42,True,0,False,,239630
5 Views on the Fundamentals of Muay Thai & Striking,3,https://www.combatlearning.com/p/five-views-fundamentals-martial-arts,jookami,0,2024-10-12 03:39:51,,0.67,51,False,0,False,,239630
Shadow Boxing ü•ä.  ,601,https://v.redd.it/cwbm1xegbztd1,MuayIan93,47,2024-10-10 21:19:09,,0.99,18,False,0,False,,239630
"
Different Muay Thai Padwork Styles ‚Äì Which One Do You Prefer?

",2,https://www.reddit.com/r/MuayThai/comments/1g1pxl1/different_muay_thai_padwork_styles_which_one_do/,PeanutButterKidMMA,5,2024-10-12 04:02:07,Technique/Tips,0.75,64,True,0,False,,239630
What's everyone's pre-sparring ritual?,2,https://www.reddit.com/r/MuayThai/comments/1g1ljvi/whats_everyones_presparring_ritual/,IAmLittleBigRon,51,2024-10-12 00:12:59,Technique/Tips,0.55,38,True,0,False,,239630
Thoughts on Kyokushin?,20,https://www.reddit.com/r/MuayThai/comments/1g16re0/thoughts_on_kyokushin/,PongLenisUhave,43,2024-10-11 12:37:20,,0.86,22,True,0,False,,239630
Why do you compete/or pursue a career in Muay Thai?,1,https://www.reddit.com/r/MuayThai/comments/1g1lh4d/why_do_you_competeor_pursue_a_career_in_muay_thai/,Berryfinger,26,2024-10-12 00:09:24,,0.56,51,True,0,False,,239630
Muay Thai Roundhouse Kick: Flex Point Foot Down or Upwards?,2,https://www.reddit.com/r/MuayThai/comments/1g1glyj/muay_thai_roundhouse_kick_flex_point_foot_down_or/,Test_Book1086,11,2024-10-11 20:28:16,,1.0,59,True,0,False,,239630
Nauseous during training.,2,https://www.reddit.com/r/MuayThai/comments/1g1fmry/nauseous_during_training/,Dull_Mountain5057,2,2024-10-11 19:46:11,,1.0,25,True,0,False,,239630
My favourite photo from my first amateur fight a couple of weeks ago - I'm the one getting punched btw,404,https://i.redd.it/zoyprvvtswtd1.png,PooStealer,21,2024-10-10 12:51:11,Highlights,1.0,102,False,0,False,,239630
People who used to get bullied. Did training helped you ? ,42,https://www.reddit.com/r/MuayThai/comments/1g0v168/people_who_used_to_get_bullied_did_training/,CulturalRegister9509,49,2024-10-11 00:28:21,,0.84,58,True,0,False,,239630
Work-outs during the week,2,https://www.reddit.com/r/MuayThai/comments/1g1aeh8/workouts_during_the_week/,dannejovanovic,5,2024-10-11 15:56:59,,1.0,25,True,0,False,,239630
Running for conditioning ,3,https://www.reddit.com/r/MuayThai/comments/1g0rj4a/running_for_conditioning/,reasonablecockedman,24,2024-10-10 21:52:25,,1.0,25,True,0,False,,239630
I'm making an app to help boxers improve but was wondering you guys would want a muay thai version as well!,3,https://www.reddit.com/r/MuayThai/comments/1g0no65/im_making_an_app_to_help_boxers_improve_but_was/,NoOutlandishness00,3,2024-10-10 19:04:20,,0.67,107,True,0,False,,239630
Somrak Khamsing's technique. How to get pass a leg check (example against Boonlai),45,https://youtu.be/uCekaN4iP6s,Such_Team_3971,7,2024-10-10 04:08:21,Technique/Tips,1.0,82,False,0,False,,239630
"Best Way To Block In Muay Thai? Lean Back, Check, Catch or Dutch Style Arm Block? Which Do You All Prefer Or Use The Most?",8,https://www.reddit.com/r/MuayThai/comments/1g0ed8p/best_way_to_block_in_muay_thai_lean_back_check/,PeanutButterKidMMA,44,2024-10-10 10:49:07,Technique/Tips,0.71,122,True,0,False,,239630
Hate people who ask for light sparring and then proceed to turn it into hard,243,https://www.reddit.com/r/MuayThai/comments/1fzo9xv/hate_people_who_ask_for_light_sparring_and_then/,MMA-Ing,131,2024-10-09 12:32:42,,0.93,76,True,0,False,,239630
Sparring with no head contact or very light,0,https://www.reddit.com/r/MuayThai/comments/1g0q991/sparring_with_no_head_contact_or_very_light/,growingcock,43,2024-10-10 20:56:27,,0.41,43,True,0,False,,239630
Is Muay Thai sustainable to practice in the long term,54,https://www.reddit.com/r/MuayThai/comments/1fzn7yv/is_muay_thai_sustainable_to_practice_in_the_long/,PongLenisUhave,69,2024-10-09 11:16:03,Technique/Tips,0.81,53,True,0,False,,239630
Dutch kickboxing rhythm or muay thai rhythm? ,0,https://www.reddit.com/r/MuayThai/comments/1g0jwni/dutch_kickboxing_rhythm_or_muay_thai_rhythm/,KeyFaithlessness3925,8,2024-10-10 16:19:25,,0.25,45,True,0,False,,239630
This weekends scrap,100,https://www.reddit.com/gallery/1fzg1iw,EllipseJJMVV,14,2024-10-09 03:22:34,,0.99,19,False,0,False,,239630
Boxing champ doing some Muay Thai bag work + some fun clinch work ,374,https://v.redd.it/aavlfiq5kktd1,Glittering-Ask-5259,40,2024-10-08 19:41:17,,1.0,66,False,0,False,,239630
Rythm step,123,https://v.redd.it/phttil7g7ltd1,StarryNightNinja,48,2024-10-09 01:36:40,Technique/Tips,0.93,10,False,0,False,,239630
Best elbow pads for amateur fights?,7,https://www.reddit.com/r/MuayThai/comments/1fzt4l2/best_elbow_pads_for_amateur_fights/,Independent_You4803,6,2024-10-09 16:46:00,Technique/Tips,1.0,35,True,0,False,,239630
Any Good Books or Resources about Day to Day Diet for Muay Thai?,5,https://www.reddit.com/r/MuayThai/comments/1fzvyf7/any_good_books_or_resources_about_day_to_day_diet/,cwilson2005,5,2024-10-09 18:44:58,,1.0,64,True,0,False,,239630
Boonlai Sor Thanikul | ‡∏ö‡∏∏‡∏ç‡∏´‡∏•‡∏≤‡∏¢ ‡∏™ ‡∏ò‡∏ô‡∏¥‡∏Å‡∏∏‡∏•,41,https://youtu.be/kZEQriL8c0A?si=iuK8M0s5kYHxi7K3,freudewillewigkeit,2,2024-10-09 04:15:49,Highlights,1.0,39,False,0,False,,239630
The new gens coming in hot!,798,https://v.redd.it/8cnrriyeyhtd1,MillionDollarBloke,127,2024-10-08 10:57:14,,0.93,27,False,0,False,,239630
Spinning Backfist,38,https://v.redd.it/4iwk4nousmtd1,EllipseJJMVV,8,2024-10-09 03:13:35,,0.94,17,False,0,False,,239630
Oley Kiatoneway | ‡πÇ‡∏≠‡πÄ‡∏•‡πà‡∏´‡πå ‡πÄ‡∏Å‡∏µ‡∏¢‡∏£‡∏ï‡∏¥‡∏ß‡∏±‡∏ô‡πÄ‡∏ß‡∏¢‡πå,11,https://youtu.be/Q8SU8SoC30U?si=KDgHCL-GwHjxJKsL,freudewillewigkeit,4,2024-10-09 04:31:55,Highlights,1.0,40,False,0,False,,239630
Coban Lookchaomaesaitong | ‡πÇ‡∏Ñ‡∏ö‡∏≤‡∏• ‡∏•‡∏π‡∏Å‡πÄ‡∏à‡πâ‡∏≤‡πÅ‡∏°‡πà‡πÑ‡∏ó‡∏£‡∏ó‡∏≠‡∏á,11,https://youtu.be/2YtL9UStxfQ?si=04EGuP0H6dC48abi,freudewillewigkeit,1,2024-10-09 04:24:44,Highlights,0.92,49,False,0,False,,239630
"Boonlai Sor Thanikul vs Oley Kiatoneway, Lumpinee Championship, 1990",9,https://youtu.be/dQK_fxc0v0M?si=ncJo7aDrb3mLEhGC,freudewillewigkeit,0,2024-10-09 04:41:00,Full fight,1.0,68,False,0,False,,239630
